<?xml version="1.0" encoding="UTF-8"?>
<beans xmlns="http://www.springframework.org/schema/beans"
	xmlns:xsi="http://www.w3.org/2001/XMLSchema-instance" xmlns:tx="http://www.springframework.org/schema/tx"
	xmlns:aop="http://www.springframework.org/schema/aop"
	xsi:schemaLocation="http://www.springframework.org/schema/beans http://www.springframework.org/schema/beans/spring-beans-3.0.xsd http://www.springframework.org/schema/tx http://www.springframework.org/schema/tx/spring-tx-3.0.xsd http://www.springframework.org/schema/aop http://www.springframework.org/schema/aop/spring-aop-3.0.xsd">
	<!-- Initialization for data source -->
	<bean id="dataSource"
		class="org.springframework.jdbc.datasource.DriverManagerDataSource">
		<property name="driverClassName" value="oracle.jdbc.driver.OracleDriver" />
		<property name="url" value="jdbc:oracle:thin:@Charan-HP:1521:XE" />
		<property name="username" value="system" />
		<property name="password" value="mascot" />
	</bean>
	<tx:advice id="txAdvice" transaction-manager="transactionManager">
		<tx:attributes>
			<tx:method name="create" />
		</tx:attributes>
	</tx:advice>
	<aop:config>
		<aop:pointcut id="createOperation"
			expression="execution(* org.declarative.StudentJDBCTemplate.create(..))"/>
		<aop:advisor advice-ref="txAdvice" pointcut-ref="createOperation" />
	</aop:config> 
	<!-- Initialization for TransactionManager -->
	<bean id="transactionManager"
		class="org.springframework.jdbc.datasource.DataSourceTransactionManager">
		<property name="dataSource" ref="dataSource" />
	</bean> <!-- Definition for studentJDBCTemplate bean -->
	<bean id="studentJDBCTemplate" class="org.declarative.StudentJDBCTemplate">
		<property name="dataSource" ref="dataSource" />
	</bean>
</beans>